{"cameraMode":{"drawMode":0,"name":"Shaded","section":"Shading Mode"},"sceneLighting":true,"audioPlay":false,"sceneViewState":{"showFog":true,"showMaterialUpdate":false,"showSkybox":true,"showFlares":true,"showImageEffects":true,"showParticleSystems":true},"in2DMode":false,"pivot":{"x":-16.019392013549806,"y":-2.598587989807129,"z":-27.748546600341798},"rotation":{"x":-0.004393311217427254,"y":0.9895504713058472,"z":-0.14077211916446687,"w":-0.03088543936610222},"size":39.26738739013672,"orthographic":false}