{"cameraMode":{"drawMode":0,"name":"Shaded","section":"Shading Mode"},"sceneLighting":true,"audioPlay":false,"sceneViewState":{"showFog":true,"showMaterialUpdate":false,"showSkybox":true,"showFlares":true,"showImageEffects":true,"showParticleSystems":true},"in2DMode":false,"pivot":{"x":-35.77172088623047,"y":-8.378011703491211,"z":-15.379578590393067},"rotation":{"x":-0.12143552303314209,"y":0.8120112419128418,"z":-0.18227294087409974,"w":-0.5409877300262451},"size":28.69104766845703,"orthographic":false}